{
    "month": 12,
    "year": 2025,
    "days_logged": 6,
    "total_score": 102,
    "average_score": 17.0,
    "averages": {
        "sleep": 2.5,
        "stress": 2.3333333333333335,
        "friends": 1.6666666666666667,
        "water": 3.0,
        "exercise": 1.5,
        "mood": 2.6666666666666665,
        "work_hours": 5.0,
        "hobbies": 1.3333333333333333,
        "steps": 0.8333333333333334,
        "meds": 1.3333333333333333
    }
}