{
    "month": 12,
    "year": 2025,
    "days_logged": 7,
    "total_score": 119,
    "average_score": 17.0,
    "averages": {
        "sleep": 2.4285714285714284,
        "stress": 2.2857142857142856,
        "friends": 1.5714285714285714,
        "water": 3.0,
        "exercise": 1.5714285714285714,
        "mood": 2.7142857142857144,
        "work_hours": 5.0,
        "hobbies": 1.4285714285714286,
        "steps": 0.7142857142857143,
        "meds": 1.2857142857142858
    }
}